{
    "elev": -72.61288035797553,
    "azim": 111.45299206572648
}